{
  "accuracy": 0.9932313733595123,
  "precision": 0.9829137863571149,
  "recall": 1.0,
  "f1": 0.9913832796158653,
  "roc_auc": 0.9994692116302851,
  "confusion_matrix": [
    [
      23374,
      262
    ],
    [
      0,
      15072
    ]
  ]
}